sensor_type,mean_value,min_value,max_value,stddev_value,total_count,anomaly_count,anomaly_rate
temperature,32.91514285714285,15.26,59.25,11.269380310735446,70,36,51.42857142857142
humidity,69.33382352941175,30.08,98.52,21.80098142590311,68,20,29.411764705882355
pressure,1007.4975806451612,970.22,1047.86,22.55997171006562,62,36,58.06451612903226
